"","X.6","X.5","X.4","X.3","X.2","X.1","X","ProductTitle","Price","Category","Ratings","Reviews","Description"
"1",1,1,1,1,1,1,1,"1. Check each product page for other buying options. Price and other details may vary based on product size and color.","$1,295.00","Bicycle",4,"124","Check each product page for other buying options. Price and other details may vary based on product size and color."
"2",2,2,2,2,2,2,2,"2. WEIZE Mountain Bike, 24/26/27.5 inch Outdoor Cycling Bike,18-Speed/High-Carbon Steel/Dual Full Suspension, Adjustable Ergonomic Seat for Men Women Adult, MTB Bicycle with Suspension Fork,Sleek Colors","$1,445.00","Bicycle",4.3,"5","WEIZE Mountain Bike, 24/26/27.5 inch Outdoor Cycling Bike,18-Speed/High-Carbon Steel/Dual Full Suspension, Adjustable Ergonomic Seat for Men Women Adult, MTB Bicycle with Suspension Fork,Sleek Colors"
"3",3,3,3,3,3,3,3,"3. WEIZE Beach Cruiser Bike, 26 inch Commuter Bicycle for Adult Men and Women, 7-Speed/High-Carbon Steel/Front & Rear Fenders, Comfortable City Bikes with Rear Rack or Basket, Ergonomic Upright Design","$2,695.00","Bicycle",4,"4,567","WEIZE Beach Cruiser Bike, 26 inch Commuter Bicycle for Adult Men and Women, 7-Speed/High-Carbon Steel/Front & Rear Fenders, Comfortable City Bikes with Rear Rack or Basket, Ergonomic Upright Design"
"4",4,4,4,4,4,4,4,"4. Huffy Stone Mountain Hardtail Mountain Bike for Boys/Girls/Men/Women, 20""/24""/26"" Sizes, 6 or 21 Speed Shimano Twist Shifting, Front or Dual Suspension, Comfort Saddle, Sleek Colors","$2,995.00","Bicycle",4.1,"1,399","Huffy Stone Mountain Hardtail Mountain Bike for Boys/Girls/Men/Women, 20""/24""/26"" Sizes, 6 or 21 Speed Shimano Twist Shifting, Front or Dual Suspension, Comfort Saddle, Sleek Colors"
"5",5,5,5,5,5,5,5,"5. Huffy Cruiser Bike, Fairmont or Woodhaven Model, 20/24/26 Inch Sizes, Perfect for Casual Rides, Ergonomic Upright Design, Fenders Prevent Spray, Rear Rack and Basket Available, Simple Coaster Brakes","$3,295.00","Bicycle",4.4,"99","Huffy Cruiser Bike, Fairmont or Woodhaven Model, 20/24/26 Inch Sizes, Perfect for Casual Rides, Ergonomic Upright Design, Fenders Prevent Spray, Rear Rack and Basket Available, Simple Coaster Brakes"
"6",6,6,6,6,6,6,6,"6. WEIZE Kids Bike, 14 18 20 Inch Children Bicycle for Boys Girls Ages 3-12 Years Old, Rider Height 35-60 Inch, Coaster Brake, Multiple Color Options","$179.99","Bicycle",4.6,"6","WEIZE Kids Bike, 14 18 20 Inch Children Bicycle for Boys Girls Ages 3-12 Years Old, Rider Height 35-60 Inch, Coaster Brake, Multiple Color Options"
"7",7,7,7,7,7,7,7,"7. HILAND 26 27.5 Inch Mountain Bike, Mens and Womens MTB with 21 Speeds, High-Tensile Steel Frame, V Brake, Hardtail Bicycle for Adults","$199.99","Bicycle",4.4,"17","HILAND 26 27.5 Inch Mountain Bike, Mens and Womens MTB with 21 Speeds, High-Tensile Steel Frame, V Brake, Hardtail Bicycle for Adults"
"8",8,8,8,8,8,8,8,"8. HILAND 24 26 Inch Adult Hybrid Bike, 21 Speed Commuter Bicycle, Bicycle for Women and Men with High-Carbon Steel Lightweight Frame Urban Bike","$199.99","Bicycle",4.4,"310","HILAND 24 26 Inch Adult Hybrid Bike, 21 Speed Commuter Bicycle, Bicycle for Women and Men with High-Carbon Steel Lightweight Frame Urban Bike"
"9",9,9,9,9,9,9,9,"9. WEIZE Kids Bike,16 20 Inch Children Bicycle for Boys Girls Ages 4-12 Years Old, Rider Height 38-60 Inch, Coaster Brake, Multiple Color Options","$229.99","Bicycle",4.2,"486","WEIZE Kids Bike,16 20 Inch Children Bicycle for Boys Girls Ages 4-12 Years Old, Rider Height 38-60 Inch, Coaster Brake, Multiple Color Options"
"10",10,10,10,10,10,10,10,"10. Hiland 20 inch Freestyle Kids BMX Bike,Beginner-Level to Advanced Riders with 360 Degree Gyro & 4 Pegs, Kids' Bicycles for Boys,Girls,Youth Multiple Colors","$161.54","Bicycle",5,"1","Hiland 20 inch Freestyle Kids BMX Bike,Beginner-Level to Advanced Riders with 360 Degree Gyro & 4 Pegs, Kids' Bicycles for Boys,Girls,Youth Multiple Colors"
"11",11,11,11,11,11,11,11,"11. Mountain Bike 24/26 Inch, Front Suspension Mountain Bike, 21-Speed Disc, Youth/Adult Mens Womens Trail Commuter City Bicycles","$249.99","Bicycle",4,"461","Mountain Bike 24/26 Inch, Front Suspension Mountain Bike, 21-Speed Disc, Youth/Adult Mens Womens Trail Commuter City Bicycles"
"12",12,12,12,12,12,12,12,"12. Hiland 20 Inch Kids Mountain Bike for Boys, Girls, Single Speed Kids Bicycles with Dual Handbrakes and Kickstand, Multiple Colors","$119.99","Bicycle",4,"1,807","Hiland 20 Inch Kids Mountain Bike for Boys, Girls, Single Speed Kids Bicycles with Dual Handbrakes and Kickstand, Multiple Colors"
"13",13,13,13,13,13,13,13,"13. Dynacraft Magna Echo Ridge Mountain Bike – Rugged and Durable Design, Perfect for Teens and Adults Learning to Ride, Sturdy and Easy to Assemble, Ideal for Adventurers","$178.49","Bicycle",4.4,"113","Dynacraft Magna Echo Ridge Mountain Bike – Rugged and Durable Design, Perfect for Teens and Adults Learning to Ride, Sturdy and Easy to Assemble, Ideal for Adventurers"
"14",14,14,14,14,14,14,14,"14. Kids Bike Bicycle 14 Inches Kid Bicycle for Boys Girls with Training Wheels Sturdy Frame Adjustable Seat Coaster and Handbrake Brake for Rider 37 to 42 Inch (Blue)","$239.99","Bicycle",4,"1,225","Kids Bike Bicycle 14 Inches Kid Bicycle for Boys Girls with Training Wheels Sturdy Frame Adjustable Seat Coaster and Handbrake Brake for Rider 37 to 42 Inch (Blue)"
"15",15,15,15,15,15,15,15,"15. E Bikes for Adults Electric, Peak 1500W/2000W 37MPH Fat Tire Electric Bike for Adults, 48V 17.5AH 840WH Battery, 80 Miles Ebike with 21-Speed Gear ON/Off Road Electric Bicycle UL Certified","$189.99","Bicycle",4.5,"17,982","E Bikes for Adults Electric, Peak 1500W/2000W 37MPH Fat Tire Electric Bike for Adults, 48V 17.5AH 840WH Battery, 80 Miles Ebike with 21-Speed Gear ON/Off Road Electric Bicycle UL Certified"
"16",16,16,16,16,16,16,16,"16. Check each product page for other buying options. Price and other details may vary based on product size and color.","$1,295.00","Bicycle",3.9,"81","Check each product page for other buying options. Price and other details may vary based on product size and color."
"17",17,17,17,17,17,17,17,"17. Razor Agitator BMX/Freestyle Bike - 20 Inch Bike for Boys - Quick Release Adjustable Seat Post - BMX Bicycle with Front and Rear Brakes, Steel Frame and Fork, and Front and Rear Pegs","$1,445.00","Bicycle",4.3,"484","Razor Agitator BMX/Freestyle Bike - 20 Inch Bike for Boys - Quick Release Adjustable Seat Post - BMX Bicycle with Front and Rear Brakes, Steel Frame and Fork, and Front and Rear Pegs"
"18",18,18,18,18,18,18,18,"18. Schwinn Traxion Mountain Bike for Adult Men Women, 29-Inch Wheels, Full Suspension, 24-Speed Shimano Drivetrain, Trigger Shifter, 18-Inch Aluminum Frame, Mechanical Disc Brake, Matte Grey/Neon Green","$2,695.00","Bicycle",4.1,"143","Schwinn Traxion Mountain Bike for Adult Men Women, 29-Inch Wheels, Full Suspension, 24-Speed Shimano Drivetrain, Trigger Shifter, 18-Inch Aluminum Frame, Mechanical Disc Brake, Matte Grey/Neon Green"
"19",19,19,19,19,19,19,19,"19. JOYSTAR Brockway Freestyle Kids BMX Bikes 20"" 24"" Kids Bicycles for 6-14 Years Old Boys Girls and Beginner-Level Riders 2 Pegs Multiple Colors","$2,995.00","Bicycle",4.3,"90","JOYSTAR Brockway Freestyle Kids BMX Bikes 20"" 24"" Kids Bicycles for 6-14 Years Old Boys Girls and Beginner-Level Riders 2 Pegs Multiple Colors"
"20",20,20,20,20,20,20,20,"20. Jasion EBX Electric Bike for Adults, 26"" Electric Mountain Bike with 850W Peak Brushless Motor, Max 55Miles 25MPH Electric Bicycles, 450Wh Removable Battery, Ebike for Adults 21-Speed Front Suspension","$3,295.00","Bicycle",4.4,"1,462","Jasion EBX Electric Bike for Adults, 26"" Electric Mountain Bike with 850W Peak Brushless Motor, Max 55Miles 25MPH Electric Bicycles, 450Wh Removable Battery, Ebike for Adults 21-Speed Front Suspension"
"21",21,21,21,21,21,21,21,"21. Mongoose Malus Mens and Women Fat Tire Mountain Bike, 26-Inch Bicycle Wheels, 4-Inch Wide Knobby Tires, Steel Frame, 7 Speed Drivetrain, Shimano Rear Derailleur, Disc Brakes","$169.99","Bicycle",4.5,"4,105","Mongoose Malus Mens and Women Fat Tire Mountain Bike, 26-Inch Bicycle Wheels, 4-Inch Wide Knobby Tires, Steel Frame, 7 Speed Drivetrain, Shimano Rear Derailleur, Disc Brakes"
"22",22,22,22,22,22,22,22,"22. Schwinn Koen & Elm BMX Style Kids Bike 20-Inch Wheels for Boys Girls Age 7 to 13, Rider Height 48-60 Inch, No Training Wheels","$648.43","Bicycle",4.1,"80","Schwinn Koen & Elm BMX Style Kids Bike 20-Inch Wheels for Boys Girls Age 7 to 13, Rider Height 48-60 Inch, No Training Wheels"
"23",23,23,23,23,23,23,23,"23. Mongoose Salvo Comp, Trail, or Sport Mountain Bike for Adult Men and Women, 12 or 18-Speed Trigger Shifter, 29-Inch Wheels, Full Suspension, Small to Large Frame Options","$229.99","Bicycle",4.1,"114","Mongoose Salvo Comp, Trail, or Sport Mountain Bike for Adult Men and Women, 12 or 18-Speed Trigger Shifter, 29-Inch Wheels, Full Suspension, Small to Large Frame Options"
"24",24,24,24,24,24,24,24,"24. Mongoose Tyax Comp, Sport, and Expert Adult Mountain Bike, 27.5-29-Inch Wheels, Tectonic T2 Aluminum Frame, Rigid Hardtail, Hydraulic Disc Brakes","$389.98","Bicycle",4.6,"398","Mongoose Tyax Comp, Sport, and Expert Adult Mountain Bike, 27.5-29-Inch Wheels, Tectonic T2 Aluminum Frame, Rigid Hardtail, Hydraulic Disc Brakes"
"25",25,25,25,25,25,25,25,"25. isinwheel U1 Electric Bike for Adults 500W Motor, 20 mph Folding Ebike, 14"" Adults Electric Bicycles with Smart Uphill, 280.8Wh Battery, 25 Miles PAS Range, Mini E Bikes for Adults and Teens","$492.99","Bicycle",4,"2,966","isinwheel U1 Electric Bike for Adults 500W Motor, 20 mph Folding Ebike, 14"" Adults Electric Bicycles with Smart Uphill, 280.8Wh Battery, 25 Miles PAS Range, Mini E Bikes for Adults and Teens"
"26",26,26,26,26,26,26,26,"26. Schwinn High Timber Mountain Bike for Adult Youth Men Women Boys Girls, 24 to 29-Inch Wheels, 7 or 21-Speeds, Front Suspension, Aluminum and Steel Frame Options","$519.99","Bicycle",3.2,"280","Schwinn High Timber Mountain Bike for Adult Youth Men Women Boys Girls, 24 to 29-Inch Wheels, 7 or 21-Speeds, Front Suspension, Aluminum and Steel Frame Options"
"27",27,27,27,27,27,27,27,"27. BalanceFrom Dinos Kids Bike Kids Bicycle with Removable Training Wheels and Basket 12 Inch 14 Inch 16 Inch 18 Inch for Boys Girls Ages 2-9 Years Old","$219.99","Bicycle",4.3,"1,923","BalanceFrom Dinos Kids Bike Kids Bicycle with Removable Training Wheels and Basket 12 Inch 14 Inch 16 Inch 18 Inch for Boys Girls Ages 2-9 Years Old"
"28",28,28,28,28,28,28,28,"28. JOYSTAR Pluto 12 14 16 18 20 Inch Kids Bike with Light Up Training Wheels, Kids' Bicycle for Boys Girls Age 3-12 Years, Children Bikes, Multiple Colors","$1,400.80","Bicycle",4.3,"552","JOYSTAR Pluto 12 14 16 18 20 Inch Kids Bike with Light Up Training Wheels, Kids' Bicycle for Boys Girls Age 3-12 Years, Children Bikes, Multiple Colors"
"29",29,29,29,29,29,29,29,"29. Pacific Vortax BMX Style Kids Bike for Boys and Girls, Single Speed, 12 to 20-Inch Wheel Option, Adjustable Seat, Durable Frame, Number Plate Handlebar, Easy to Stop Brakes, Designed for New Riders","$1,999.99","Bicycle",4.5,"114","Pacific Vortax BMX Style Kids Bike for Boys and Girls, Single Speed, 12 to 20-Inch Wheel Option, Adjustable Seat, Durable Frame, Number Plate Handlebar, Easy to Stop Brakes, Designed for New Riders"
"30",30,30,30,30,30,30,30,"30. Schwinn Twister Boy's Bicycle, 20"" Wheels, Multiple Colors","$910.59","Bicycle",4.4,"32","Schwinn Twister Boy's Bicycle, 20"" Wheels, Multiple Colors"
"31",31,31,31,31,31,31,31,"1. Price and other details may vary based on product size and color.","$249.99","Watch",4.4,"1,044","Price and other details may vary based on product size and color."
"32",32,32,32,32,32,32,32,"2. Apple Watch SE (2nd Gen) [GPS 40mm] Smartwatch with Starlight Aluminium Case with Starlight Sport Band S/M. Fitness and Sleep Trackers, Crash Detection, Heart Rate Monitor, Retina Display","$429.99","Watch",4.6,"53,468","Apple Watch SE (2nd Gen) [GPS 40mm] Smartwatch with Starlight Aluminium Case with Starlight Sport Band S/M. Fitness and Sleep Trackers, Crash Detection, Heart Rate Monitor, Retina Display"
"33",33,33,33,33,33,33,33,"3. F91W Series | Digital Watch | Water Resistant | LED Light | 1/100 SEC Stopwatch | Regular Time Keeping (HR, Min, SEC, PM, Date, Day) | Daily Alarm | Lightweight | 7 Year Battery","$473.98","Watch",4.5,"9,611","F91W Series | Digital Watch | Water Resistant | LED Light | 1/100 SEC Stopwatch | Regular Time Keeping (HR, Min, SEC, PM, Date, Day) | Daily Alarm | Lightweight | 7 Year Battery"
"34",34,34,34,34,34,34,34,"4. Minimalist Men's Watch with Leather or Stainless Steel Band, Chronograph or Analog Watch Display with Slim Case Design","$729.98","Watch",4,"2,760","Minimalist Men's Watch with Leather or Stainless Steel Band, Chronograph or Analog Watch Display with Slim Case Design"
"35",35,35,35,35,35,35,35,"5. Smart Watch, Fitness Tracker with Heart Rate Monitor, Blood Oxygen, Sleep Tracking, 1.5 Inch Touchscreen Smartwatch for Android iOS Swimming Waterproof Pedometer Step Calories Tracker for Women Men","$234.00","Watch",4.1,"1,196","Smart Watch, Fitness Tracker with Heart Rate Monitor, Blood Oxygen, Sleep Tracking, 1.5 Inch Touchscreen Smartwatch for Android iOS Swimming Waterproof Pedometer Step Calories Tracker for Women Men"
"36",36,36,36,36,36,36,36,"6. Apple Watch Ultra [GPS + Cellular 49mm] Titanium Case with Midnight Ocean Band, One Size (Renewed)","$239.17","Watch",4.6,"18,492","Apple Watch Ultra [GPS + Cellular 49mm] Titanium Case with Midnight Ocean Band, One Size (Renewed)"
"37",37,37,37,37,37,37,37,"7. Grant Men's Watch with Chronograph or Automatic Display and Genuine Leather or Stainless Steel Band","$13.16","Watch",4.5,"724","Grant Men's Watch with Chronograph or Automatic Display and Genuine Leather or Stainless Steel Band"
"38",38,38,38,38,38,38,38,"8. Apple Watch Series 10 [GPS 46mm case] Smartwatch with Jet Black Aluminium Case with Black Sport Band - S/M. Fitness Tracker, ECG App, Always-On Retina Display, Water Resistant","$18.95","Watch",4.6,"17,825","Apple Watch Series 10 [GPS 46mm case] Smartwatch with Jet Black Aluminium Case with Black Sport Band - S/M. Fitness Tracker, ECG App, Always-On Retina Display, Water Resistant"
"39",39,39,39,39,39,39,39,"9. Illuminator AE1500WH Series | 10-Year Battery | LED Backlight | 5-Alarms | 1/100 Sec Stopwatch | Men's Digital Watch","$91.00","Watch",4.5,"2,655","Illuminator AE1500WH Series | 10-Year Battery | LED Backlight | 5-Alarms | 1/100 Sec Stopwatch | Men's Digital Watch"
"40",40,40,40,40,40,40,40,"10. Men's Digital Watch, Sports Waterproof Military Watches for Men LED Casual Stopwatch Alarm Tactical Army Watch","$130.00","Watch",4.6,"25,670","Men's Digital Watch, Sports Waterproof Military Watches for Men LED Casual Stopwatch Alarm Tactical Army Watch"
"41",41,41,41,41,41,41,41,"11. F108WH Series | Men's Digital Watch | Illuminator | Water Resistant | LED Light | Daily Alarm | 1/100 SEC Stopwatch | 3 Hands (HR, Min, SEC) | Date/Day Display | Daily Alarm | 7 Year Battery","$19.99","Watch",4.4,"28,113","F108WH Series | Men's Digital Watch | Illuminator | Water Resistant | LED Light | Daily Alarm | 1/100 SEC Stopwatch | 3 Hands (HR, Min, SEC) | Date/Day Display | Daily Alarm | 7 Year Battery"
"42",42,42,42,42,42,42,42,"12. MQ24 Series | Quartz Analog Watch for Men | Water Resistant | Resin Case | Resin Band | Resin Glass | Three Hand Analog (HR, Min, SEC) | Classic Design | 3 Year Battery","$21.99","Watch",4.4,"978","MQ24 Series | Quartz Analog Watch for Men | Water Resistant | Resin Case | Resin Band | Resin Glass | Three Hand Analog (HR, Min, SEC) | Classic Design | 3 Year Battery"
"43",43,43,43,43,43,43,43,"13. Samsung Galaxy Watch Ultra 47mm LTE AI Smartwatch w/Energy Score, Wellness Tips, Heart Rate Tracking, Sleep Monitor, Fitness Tracker, GPS, 2024,Titanium Silver [US Version, 1Yr Manufacturer Warranty]","$440.00","Watch",4.3,"12,588","Samsung Galaxy Watch Ultra 47mm LTE AI Smartwatch w/Energy Score, Wellness Tips, Heart Rate Tracking, Sleep Monitor, Fitness Tracker, GPS, 2024,Titanium Silver [US Version, 1Yr Manufacturer Warranty]"
"44",44,44,44,44,44,44,44,"14. Fitbit Versa 4 Fitness Smartwatch with Daily Readiness, GPS, 24/7 Heart Rate, 40+ Exercise Modes, Sleep Tracking and more, Pink Sand/Copper Rose, One Size (S & L Bands Included)","$469.00","Watch",4.6,"49,784","Fitbit Versa 4 Fitness Smartwatch with Daily Readiness, GPS, 24/7 Heart Rate, 40+ Exercise Modes, Sleep Tracking and more, Pink Sand/Copper Rose, One Size (S & L Bands Included)"
"45",45,45,45,45,45,45,45,"15. A158WA Series | Unisex Digital Watch | Vintage | WR | 100 SEC Stop Watch | Daily Alarm | Regular Time Keeping: Hour, Minute, Second, PM, Date, Day | Led Light | 7 Yr Battery","$88.00","Watch",4.2,"1,300","A158WA Series | Unisex Digital Watch | Vintage | WR | 100 SEC Stop Watch | Daily Alarm | Regular Time Keeping: Hour, Minute, Second, PM, Date, Day | Led Light | 7 Yr Battery"
"46",46,46,46,46,46,46,46,"16. Google Pixel Watch 2 (Previous Model) with the Best of Fitbit - Heart Rate Tracking, Stress Management, Safety Features - Android Smartwatch - Matte Black Aluminum Case - Obsidian Active Band - WI-FI","$160.00","Watch",4.6,"1,719","Google Pixel Watch 2 (Previous Model) with the Best of Fitbit - Heart Rate Tracking, Stress Management, Safety Features - Android Smartwatch - Matte Black Aluminum Case - Obsidian Active Band - WI-FI"
"47",47,47,47,47,47,47,47,"17. Men's Classic Quartz Watch, Stainless Steel","$359.99","Watch",4.7,"398","Men's Classic Quartz Watch, Stainless Steel"
"48",48,48,48,48,48,48,48,"18. Jacoosa Smart Watch, 1.85"" HD Smartwatch for Men Women (Answer/Make Calls), Fitness Watch with 120+ Sports Modes, IP68 Waterproof, Heart Rate/Sleep Monitor, Activity Trackers for iOS/Android (Black)","$429.00","Watch",4.7,"10,961","Jacoosa Smart Watch, 1.85"" HD Smartwatch for Men Women (Answer/Make Calls), Fitness Watch with 120+ Sports Modes, IP68 Waterproof, Heart Rate/Sleep Monitor, Activity Trackers for iOS/Android (Black)"
"49",49,49,49,49,49,49,49,"19. Oversized Slim Runway Men's Watch, Stainless Steel Watch for Men","$17.97","Watch",4.2,"27,237","Oversized Slim Runway Men's Watch, Stainless Steel Watch for Men"
"50",50,50,50,50,50,50,50,"20. Apple Watch Series 5 (GPS, 40MM) - Space Gray Aluminum Case with Black Sport Band (Renewed)","$26.95","Watch",4.4,"5,418","Apple Watch Series 5 (GPS, 40MM) - Space Gray Aluminum Case with Black Sport Band (Renewed)"
"51",51,51,51,51,51,51,51,"21. Men's Easy to Read Strap Watch","$15.45","Watch",4.2,"18,643","Men's Easy to Read Strap Watch"
"52",52,52,52,52,52,52,52,"22. Sport Women's Digital Chronograph Resin Strap Watch, 45/7012","$15.00","Watch",4.4,"16,031","Sport Women's Digital Chronograph Resin Strap Watch, 45/7012"
"53",53,53,53,53,53,53,53,"23. Men's Easy Reader Watch","$22.95","Watch",4.6,"957","Men's Easy Reader Watch"
"54",54,54,54,54,54,54,54,"24. Garmin fēnix 7 Pro Solar, Multisport GPS Smartwatch, Built-in Flashlight, Solar Charging Capability, Black","$14.91","Watch",4.5,"260","Garmin fēnix 7 Pro Solar, Multisport GPS Smartwatch, Built-in Flashlight, Solar Charging Capability, Black"
"55",55,55,55,55,55,55,55,"25. Garmin Instinct 2X Solar - Tactical Edition, Rugged GPS Smartwatch, Built-in Flashlight, Ballistics Calculator, Solar Charging Capability, Coyote Tan","$22.95","Watch",4.1,"10,610","Garmin Instinct 2X Solar - Tactical Edition, Rugged GPS Smartwatch, Built-in Flashlight, Ballistics Calculator, Solar Charging Capability, Coyote Tan"
"56",56,56,56,56,56,56,56,"26. TOZO S2 44mm Smart Watch Alexa Built-in Fitness Tracker with Heart Rate and Blood Oxygen Monitor,Sleep Monitor 5ATM Waterproof HD Touchscreen for Men Women Compatible with iPhone&Android Black","$449.01","Watch",4.4,"26,284","TOZO S2 44mm Smart Watch Alexa Built-in Fitness Tracker with Heart Rate and Blood Oxygen Monitor,Sleep Monitor 5ATM Waterproof HD Touchscreen for Men Women Compatible with iPhone&Android Black"
"57",57,57,57,57,57,57,57,"27. Men's Expedition Scout 40mm Watch","$649.99","Watch",4.6,"10,986","Men's Expedition Scout 40mm Watch"
"58",58,58,58,58,58,58,58,"28. Men's Easy Reader Watch","$119.95","Watch",4,"27","Men's Easy Reader Watch"
"59",59,59,59,59,59,59,59,"29. Garmin D2™ Mach 1 Pro, Aviator Smartwatch with GPS Moving Map, Aviation Weather, Health and Wellness Features, AMOLED Display, and Built-in Flashlight","$199.95","Watch",4.6,"2,600","Garmin D2™ Mach 1 Pro, Aviator Smartwatch with GPS Moving Map, Aviation Weather, Health and Wellness Features, AMOLED Display, and Built-in Flashlight"
"60",60,60,60,60,60,60,60,"30. Garmin fenix 7, adventure smartwatch, rugged outdoor watch with GPS, touchscreen, health and wellness features, silver with graphite band - 010-02540-00","$19.99","Watch",4.5,"8,229","Garmin fenix 7, adventure smartwatch, rugged outdoor watch with GPS, touchscreen, health and wellness features, silver with graphite band - 010-02540-00"
"61",61,61,61,61,61,61,61,"1. Amazon Basics Square Mouse Pad, Cloth with Rubberized Base, Standard, Black","$8.99","MousePad",4.7,"61,393","Amazon Basics Square Mouse Pad, Cloth with Rubberized Base, Standard, Black"
"62",62,62,62,62,62,62,62,"2. Aothia Leather Desk Pad Protector,Mouse Pad,Office Desk Mat, Non-Slip PU Leather Desk Blotter,Laptop Desk Pad,Waterproof Desk Writing Pad for Office and Home (Black,31.5"" x 15.7"")","$13.99","MousePad",4.7,"73,985","Aothia Leather Desk Pad Protector,Mouse Pad,Office Desk Mat, Non-Slip PU Leather Desk Blotter,Laptop Desk Pad,Waterproof Desk Writing Pad for Office and Home (Black,31.5"" x 15.7"")"
"63",63,63,63,63,63,63,63,"3. TECKNET Mouse Pad with Anti-fray Stitching, Waterproof Surface & Non-Slip Rubber Base with Stitched Edges Gaming Mouse Mat for Laptop，Compatible with Laser and Optical Mice - Black","$16.99","MousePad",4.6,"10,051","TECKNET Mouse Pad with Anti-fray Stitching, Waterproof Surface & Non-Slip Rubber Base with Stitched Edges Gaming Mouse Mat for Laptop，Compatible with Laser and Optical Mice - Black"
"64",64,64,64,64,64,64,64,"4. Ergonomic Mouse Pad Wrist Support, Comfortable Mouse Pad Wrist Rest, Relieve Wrist Pain Gel Mouse pad, Non-Slip Rubber Base Mousepad for Laptop, Computer, Prefect for Office & Home（Black）","$5.98","MousePad",4.6,"416","Ergonomic Mouse Pad Wrist Support, Comfortable Mouse Pad Wrist Rest, Relieve Wrist Pain Gel Mouse pad, Non-Slip Rubber Base Mousepad for Laptop, Computer, Prefect for Office & Home（Black）"
"65",65,65,65,65,65,65,65,"5. MROCO Ergonomic Mouse Pad with Gel Wrist Rest, Comfortable Mousepad with Smooth Wrist Support Surface and Non-Slip PU Base for Pain Relief, Computer, Laptop, Office & Home, 9.4 x 8.1 in, Black Color","$9.99","MousePad",4.6,"26,598","MROCO Ergonomic Mouse Pad with Gel Wrist Rest, Comfortable Mousepad with Smooth Wrist Support Surface and Non-Slip PU Base for Pain Relief, Computer, Laptop, Office & Home, 9.4 x 8.1 in, Black Color"
"66",66,66,66,66,66,66,66,"6. SteelSeries QcK Gaming Mouse Pad - XXL Thick Cloth - Sized to Cover Desks","$9.99","MousePad",4.5,"97,074","SteelSeries QcK Gaming Mouse Pad - XXL Thick Cloth - Sized to Cover Desks"
"67",67,67,67,67,67,67,67,"7. JIKIOU 3 Pack Mouse Pad with Stitched Edge, Comfortable Mouse Pads with Non-Slip Rubber Base, Washable Mousepads Bulk with Lycra Cloth, Mouse Pads for Computers Laptop Mouse 10.2x8.3x0.12inch Black","$15.49","MousePad",4.6,"14,516","JIKIOU 3 Pack Mouse Pad with Stitched Edge, Comfortable Mouse Pads with Non-Slip Rubber Base, Washable Mousepads Bulk with Lycra Cloth, Mouse Pads for Computers Laptop Mouse 10.2x8.3x0.12inch Black"
"68",68,68,68,68,68,68,68,"8. MROCO Mouse Pad [30% Larger] with Anti-fray Stitching, Premium-Textured & Waterproof Computer Mousepad with Non-Slip Rubber Base, Gaming Mouse Mat for Laptop, Office & Home, 8.5 x 11 inch, Black","$28.02","MousePad",4.7,"27,065","MROCO Mouse Pad [30% Larger] with Anti-fray Stitching, Premium-Textured & Waterproof Computer Mousepad with Non-Slip Rubber Base, Gaming Mouse Mat for Laptop, Office & Home, 8.5 x 11 inch, Black"
"69",69,69,69,69,69,69,69,"9. Japanese Sea Wave Large Mouse Pad, Anime Black Gaming, Extended Kanagawa Mat Desk Pad, 3mm Thick Long Non-Slip Rubber Base Mice Pad, 31.5 X 11.8 Inch","$29.99","MousePad",4.7,"1,230","Japanese Sea Wave Large Mouse Pad, Anime Black Gaming, Extended Kanagawa Mat Desk Pad, 3mm Thick Long Non-Slip Rubber Base Mice Pad, 31.5 X 11.8 Inch"
"70",70,70,70,70,70,70,70,"10. KTRIO Large Gaming Mouse Pad with Superior Micro-Weave Cloth, Extended Desk Mousepad with Stitched Edges, Non-Slip Base, Water Resist Keyboard Pad for Gamer, Office & Home, 31.5 x 11.8 in, Black","$7.99","MousePad",4.7,"38,319","KTRIO Large Gaming Mouse Pad with Superior Micro-Weave Cloth, Extended Desk Mousepad with Stitched Edges, Non-Slip Base, Water Resist Keyboard Pad for Gamer, Office & Home, 31.5 x 11.8 in, Black"
"71",71,71,71,71,71,71,71,"11. Amazon Basics Rectangular Ergonomic Gel Computer Mouse Pad with Wrist Rest for Pain Relief, Small, Black","$2.66","MousePad",4.7,"32,182","Amazon Basics Rectangular Ergonomic Gel Computer Mouse Pad with Wrist Rest for Pain Relief, Small, Black"
"72",72,72,72,72,72,72,72,"12. Leather Mouse Pad - Wood Mouse Pad, Double Side Mouse Pad with Stitched Edge, Waterproof Ultra Thin Mouse Pad for Computers, Laptop, Office & Home, 10.2 x 8.3 Inch, 1 Pack (Burgundy)","$4.99","MousePad",4.7,"157","Leather Mouse Pad - Wood Mouse Pad, Double Side Mouse Pad with Stitched Edge, Waterproof Ultra Thin Mouse Pad for Computers, Laptop, Office & Home, 10.2 x 8.3 Inch, 1 Pack (Burgundy)"
"73",73,73,73,73,73,73,73,"13. Soqool Mouse Pad, Ergonomic Mouse Pad with Comfortable Gel Wrist Rest Support and Non-Slip PU Base for Easy Typing Pain Relief, Durable and Washable, Classic Black","$8.99","MousePad",4.6,"4,521","Soqool Mouse Pad, Ergonomic Mouse Pad with Comfortable Gel Wrist Rest Support and Non-Slip PU Base for Easy Typing Pain Relief, Durable and Washable, Classic Black"
"74",74,74,74,74,74,74,74,"14. Cheetah Mouse Pad,Leopard Mouse pad,Leopard Desk Accessories,Brown Mouse pad,8.3 * 10.3 Inches,Small Mouse Pad","$15.99","MousePad",4.2,"18","Cheetah Mouse Pad,Leopard Mouse pad,Leopard Desk Accessories,Brown Mouse pad,8.3 * 10.3 Inches,Small Mouse Pad"
"75",75,75,75,75,75,75,75,"15. Excel Shortcut Keys Mouse Pad - Extended Large XL Cheat Sheet Gaming Mousepad | PC Office Spreadsheet Keyboard Mat | Non-Slip Stitched Edge","$16.99","MousePad",4.3,"1,942","Excel Shortcut Keys Mouse Pad - Extended Large XL Cheat Sheet Gaming Mousepad | PC Office Spreadsheet Keyboard Mat | Non-Slip Stitched Edge"
"76",76,76,76,76,76,76,76,"16. Corsair MM350 PRO Premium Spill-Proof Cloth Gaming Mouse Pad – Extended XL - Black","$13.97","MousePad",4.7,"2,948","Corsair MM350 PRO Premium Spill-Proof Cloth Gaming Mouse Pad – Extended XL - Black"
"77",77,77,77,77,77,77,77,"17. GIM Wireless Charging RGB Gaming Mouse Pad 15W, LED Mouse Mat 800x300x4MM, 10 Light Modes Extra Large Mousepad Non-Slip Rubber Base Computer Keyboard Mat for Gaming, MacBook, PC, Laptop, Desk","$18.99","MousePad",4.7,"3,854","GIM Wireless Charging RGB Gaming Mouse Pad 15W, LED Mouse Mat 800x300x4MM, 10 Light Modes Extra Large Mousepad Non-Slip Rubber Base Computer Keyboard Mat for Gaming, MacBook, PC, Laptop, Desk"
"78",78,78,78,78,78,78,78,"18. Gimars RGB Gaming Mouse Pad,15W Wireless Charging Mousepad with 10 Light Modes, Large Mousepad with Premium Smooth Surface, Non-Slip Mouse Mat for Gaming, Desk, PC,Office, 31.5x11.8x0.16inch","$11.87","MousePad",4.7,"1,365","Gimars RGB Gaming Mouse Pad,15W Wireless Charging Mousepad with 10 Light Modes, Large Mousepad with Premium Smooth Surface, Non-Slip Mouse Mat for Gaming, Desk, PC,Office, 31.5x11.8x0.16inch"
"79",79,79,79,79,79,79,79,"19. Cute Mouse Pad Wrist Support,Ergonomic Mouse Pad with Wrist Rest,Comfortable Mousepad with Smooth Wrist Rest,Pain Relief Mouse Pads for Non-Slip Base,Computer,Laptop,Office & Home (Kawaii Strawberry)","$9.99","MousePad",4.5,"149","Cute Mouse Pad Wrist Support,Ergonomic Mouse Pad with Wrist Rest,Comfortable Mousepad with Smooth Wrist Rest,Pain Relief Mouse Pads for Non-Slip Base,Computer,Laptop,Office & Home (Kawaii Strawberry)"
"80",80,80,80,80,80,80,80,"20. Mouse Pad, Mouse Pad with Abstract Art Design, Square Mouse Mat Waterproof MousePad Non-Slip Rubber Base Mouse Pads for Office Laptop, Modern Boho Leaves","$6.49","MousePad",4.6,"725","Mouse Pad, Mouse Pad with Abstract Art Design, Square Mouse Mat Waterproof MousePad Non-Slip Rubber Base Mouse Pads for Office Laptop, Modern Boho Leaves"
"81",81,81,81,81,81,81,81,"21. Mouse Pad with Wrist Rest Support,Cute Custom Gaming Made Non Slip Rubber Base Mousepad, Ergonomic Mouse Wrist Rest Pad Computer Laptop Mousepad (Pink Rose Gold)","$13.99","MousePad",4.7,"497","Mouse Pad with Wrist Rest Support,Cute Custom Gaming Made Non Slip Rubber Base Mousepad, Ergonomic Mouse Wrist Rest Pad Computer Laptop Mousepad (Pink Rose Gold)"
"82",82,82,82,82,82,82,82,"22. JIKIOU Mouse Pad with Non-Slip Rubber Base, Premium-Textured & Washable Computer Mousepad with Stitched Edges, Mouse Pads for Computers, Laptop, Gaming, Office & Home, 8.3 x 10.2 in, Black","$6.39","MousePad",4.7,"997","JIKIOU Mouse Pad with Non-Slip Rubber Base, Premium-Textured & Washable Computer Mousepad with Stitched Edges, Mouse Pads for Computers, Laptop, Gaming, Office & Home, 8.3 x 10.2 in, Black"
"83",83,83,83,83,83,83,83,"23. ITNRSIIET Marble Round Mouse Pad, Pink Marble Customized Premium-Textured Mouse Mat,Washable Mousepads with Cloth, Non-Slip Rubber Base Small Mousepad, 7.87×7.87×0.12 inches (Pink Marble)","$22.95","MousePad",4.6,"19,730","ITNRSIIET Marble Round Mouse Pad, Pink Marble Customized Premium-Textured Mouse Mat,Washable Mousepads with Cloth, Non-Slip Rubber Base Small Mousepad, 7.87×7.87×0.12 inches (Pink Marble)"
"84",84,84,84,84,84,84,84,"24. Mr. Pen- Mouse Pad with Wrist Support, Ergonomic Pad, Gel Gaming Support","$24.95","MousePad",4.7,"3,019","Mr. Pen- Mouse Pad with Wrist Support, Ergonomic Pad, Gel Gaming Support"
"85",85,85,85,85,85,85,85,"25. Japanese Mouse Pad, Large Japanese Desk Mat, XL Anime Gaming Keyboard Mat, Non-Slip Rubber Base, Big Extended Desk Protector for Home Office, 31.5”x11.8”","$24.99","MousePad",4.7,"50","Japanese Mouse Pad, Large Japanese Desk Mat, XL Anime Gaming Keyboard Mat, Non-Slip Rubber Base, Big Extended Desk Protector for Home Office, 31.5”x11.8”"
"86",86,86,86,86,86,86,86,"26. Japanese Gaming Mouse Pad Black Mouse Pad Kanagawa Large Mousepad Non-Slip Rubber Base Waterproof with Stitched Edges for Gaming Office Home, 31.5x11.8 Inch (Black Wave)","$39.99","MousePad",4.5,"313","Japanese Gaming Mouse Pad Black Mouse Pad Kanagawa Large Mousepad Non-Slip Rubber Base Waterproof with Stitched Edges for Gaming Office Home, 31.5x11.8 Inch (Black Wave)"
"87",87,87,87,87,87,87,87,"27. RGB Mousepad Led Mouse Pad, Large Mouse Pad,Led and Big Mouse mat","$36.99","MousePad",4.7,"6,344","RGB Mousepad Led Mouse Pad, Large Mouse Pad,Led and Big Mouse mat"
"88",88,88,88,88,88,88,88,"28. CORSAIR MM700 RGB Extended Cloth Gaming Mouse Pad - 36.6"" x 15.8"" - 360° RGB Lighting - Two USB Port Hub - Thick Rubber - Black","$29.98","MousePad",4.7,"4,390","CORSAIR MM700 RGB Extended Cloth Gaming Mouse Pad - 36.6"" x 15.8"" - 360° RGB Lighting - Two USB Port Hub - Thick Rubber - Black"
"89",89,89,89,89,89,89,89,"29. MROCO Mouse Pad [30% Larger] with Stitched Edges, 3 Pack Premium-Textured & Waterproof Mousepad Bulk with Non-Slip Rubber Base for Computers, Laptop, PC, Office & Home, 8.5 x 11 x 0.12 in, Black","$32.99","MousePad",4.6,"9,402","MROCO Mouse Pad [30% Larger] with Stitched Edges, 3 Pack Premium-Textured & Waterproof Mousepad Bulk with Non-Slip Rubber Base for Computers, Laptop, PC, Office & Home, 8.5 x 11 x 0.12 in, Black"
"90",90,90,90,90,90,90,90,"30. EooCoo Ergonomic Mouse Pad with Wrist Support, Mousepad with Memory Foam Wrist Rest and Non-Slip Base for Computer, Cafe, Home & Office, 9.64 x 8.26 in Office Desk Accessories","$9.99","MousePad",4.6,"10,011","EooCoo Ergonomic Mouse Pad with Wrist Support, Mousepad with Memory Foam Wrist Rest and Non-Slip Base for Computer, Cafe, Home & Office, 9.64 x 8.26 in Office Desk Accessories"
"91",91,91,91,91,91,91,91,"1. Amazon Fire Max 11 tablet (newest model) vivid 11” display, all-in-one for streaming, reading, and gaming, 14-hour battery life, optional stylus and keyboard, 128 GB, Gray, without lockscreen ads","$279.99","Laptop",4.1,"10,667","Amazon Fire Max 11 tablet (newest model) vivid 11” display, all-in-one for streaming, reading, and gaming, 14-hour battery life, optional stylus and keyboard, 128 GB, Gray, without lockscreen ads"
"92",92,92,92,92,92,92,92,"2. Microsoft Surface Pro 2-in-1 Laptop/Tablet (2024), Windows 11 Copilot+ PC, 13"" Touchscreen OLED Display, Snapdragon X Elite (12 Core), 16GB RAM, 256GB Storage, Black, Amazon Exclusive","$1,399.99","Laptop",4.1,"34","Microsoft Surface Pro 2-in-1 Laptop/Tablet (2024), Windows 11 Copilot+ PC, 13"" Touchscreen OLED Display, Snapdragon X Elite (12 Core), 16GB RAM, 256GB Storage, Black, Amazon Exclusive"
"93",93,93,93,93,93,93,93,"3. Lenovo V15 G2 Laptop, 15.6"" FHD Screen, Intel Dual-core Processor, 16GB RAM, 1TB SSD, Webcam, HDMI, Wi-Fi, Windows 11 Home, Black","$349.00","Laptop",4.4,"53","Lenovo V15 G2 Laptop, 15.6"" FHD Screen, Intel Dual-core Processor, 16GB RAM, 1TB SSD, Webcam, HDMI, Wi-Fi, Windows 11 Home, Black"
"94",94,94,94,94,94,94,94,"4. Acer Aspire 3 A315-24P-R7VH Slim Laptop | 15.6"" Full HD IPS Display | AMD Ryzen 3 7320U Quad-Core Processor | AMD Radeon Graphics | 8GB LPDDR5 | 128GB NVMe SSD | Wi-Fi 6 | Windows 11 Home in S Mode","$469.00","Laptop",3.6,"39,313","Acer Aspire 3 A315-24P-R7VH Slim Laptop | 15.6"" Full HD IPS Display | AMD Ryzen 3 7320U Quad-Core Processor | AMD Radeon Graphics | 8GB LPDDR5 | 128GB NVMe SSD | Wi-Fi 6 | Windows 11 Home in S Mode"
"95",95,95,95,95,95,95,95,"5. HP Stream 14"" HD BrightView Laptop, Intel Celeron N4120, 16GB RAM, 288GB Storage (128GB eMMC + 160GB Docking Station Set), Intel UHD Graphics, 720p Webcam, Wi-Fi, 1 Year Office 365, Win 11 S, Silver","$279.99","Laptop",4.2,"2,012","HP Stream 14"" HD BrightView Laptop, Intel Celeron N4120, 16GB RAM, 288GB Storage (128GB eMMC + 160GB Docking Station Set), Intel UHD Graphics, 720p Webcam, Wi-Fi, 1 Year Office 365, Win 11 S, Silver"
"96",96,96,96,96,96,96,96,"6. Lenovo V15 Newest 15.6"" FHD Business Laptop Computer, Intel Dual-Core Processor, 32GB DDR4 RAM, 1TB PCIe SSD, AC WiFi, Bluetooth 5.1, RJ-45, Type-C, HDMI, Numeric Keypad, Windows 11 Pro, Befectoy","$321.99","Laptop",4.4,"52","Lenovo V15 Newest 15.6"" FHD Business Laptop Computer, Intel Dual-Core Processor, 32GB DDR4 RAM, 1TB PCIe SSD, AC WiFi, Bluetooth 5.1, RJ-45, Type-C, HDMI, Numeric Keypad, Windows 11 Pro, Befectoy"
"97",97,97,97,97,97,97,97,"7. Amazon Fire 7 tablet (newest model) 7” display, read and watch, under $60 with 10-hour battery life, 16 GB, Black","$309.00","Laptop",4.4,"17,919","Amazon Fire 7 tablet (newest model) 7” display, read and watch, under $60 with 10-hour battery life, 16 GB, Black"
"98",98,98,98,98,98,98,98,"8. acer Gateway Chromebook 311 CBO311-1H-C1MX Laptop | Intel Celeron N4500 | 11.6"" HD (1366 x 768) Display | 4GB LPDDR4X | 64GB eMMC | Wi-Fi 5 802.11ac | Chrome OS | Star Black","$399.00","Laptop",4.6,"10,278","acer Gateway Chromebook 311 CBO311-1H-C1MX Laptop | Intel Celeron N4500 | 11.6"" HD (1366 x 768) Display | 4GB LPDDR4X | 64GB eMMC | Wi-Fi 5 802.11ac | Chrome OS | Star Black"
"99",99,99,99,99,99,99,99,"9. HP Lastest 255 G10 15.6"" FHD Business Laptop, AMD Ryzen 7 7730U (64GB RAM | 2T SSD), Numeric Keypad, Webcam, Window 11 Pro, MS Office Pro 2024","$379.00","Laptop",4.4,"14","HP Lastest 255 G10 15.6"" FHD Business Laptop, AMD Ryzen 7 7730U (64GB RAM | 2T SSD), Numeric Keypad, Webcam, Window 11 Pro, MS Office Pro 2024"
"100",100,100,100,100,100,100,100,"10. Lenovo Essential Touchscreen Laptop | Ideapad 3i | 40GB RAM | 15.6"" FHD Touch Screen Display | 1TB SSD Storage | Intel Core i3 Processor | Windows 11 Pro | Business and Home Lover Laptop","$59.99","Laptop",4.5,"4","Lenovo Essential Touchscreen Laptop | Ideapad 3i | 40GB RAM | 15.6"" FHD Touch Screen Display | 1TB SSD Storage | Intel Core i3 Processor | Windows 11 Pro | Business and Home Lover Laptop"
"101",101,101,101,101,101,101,101,"11. HP Portable Laptop, Student and Business, 14"" HD Display, Intel Quad-Core N4120, 8GB DDR4 RAM, 64GB eMMC, 1 Year Office 365, Webcam, RJ-45, HDMI, Wi-Fi, Windows 11 Home, Silver","$149.00","Laptop",4.9,"1,773","HP Portable Laptop, Student and Business, 14"" HD Display, Intel Quad-Core N4120, 8GB DDR4 RAM, 64GB eMMC, 1 Year Office 365, Webcam, RJ-45, HDMI, Wi-Fi, Windows 11 Home, Silver"
"102",102,102,102,102,102,102,102,"12. Amazon Fire Max 11 Keyboard Case (Only compatible with 13th generation tablet, 2023 release)","$199.99","Laptop",4.5,"1,603","Amazon Fire Max 11 Keyboard Case (Only compatible with 13th generation tablet, 2023 release)"
"103",103,103,103,103,103,103,103,"13. Lenovo IdeaPad 1 Student Laptop, 15.6"" FHD Display, Intel Dual Core Processor, 12GB RAM, 512GB SSD + 128GB eMMC, 1 Year Office 365, Wi-Fi 6, Webcam, Bluetooth, SD Card Reader, Windows 11 Home, Grey","$1,799.98","Laptop",4.1,"343","Lenovo IdeaPad 1 Student Laptop, 15.6"" FHD Display, Intel Dual Core Processor, 12GB RAM, 512GB SSD + 128GB eMMC, 1 Year Office 365, Wi-Fi 6, Webcam, Bluetooth, SD Card Reader, Windows 11 Home, Grey"
"104",104,104,104,104,104,104,104,"14. Lenovo IdeaPad 1 Student Laptop, Intel Dual Core Processor, 20GB RAM, 1TB SSD + 128GB eMMC, 15.6"" FHD Display, 1 Year Office 365, Windows 11 Home, Wi-Fi 6, Webcam, Bluetooth, SD Card Reader, Grey","$599.99","Laptop",4.6,"887","Lenovo IdeaPad 1 Student Laptop, Intel Dual Core Processor, 20GB RAM, 1TB SSD + 128GB eMMC, 15.6"" FHD Display, 1 Year Office 365, Windows 11 Home, Wi-Fi 6, Webcam, Bluetooth, SD Card Reader, Grey"
"105",105,105,105,105,105,105,105,"15. ASUS Chromebook CX1, 14"" FHD, Intel® Celeron N4500 Processor, 64GB Storage, 4GB RAM, ChromeOS, Transparent Silver, CX1400CKA-AS44F","$799.99","Laptop",4.2,"478","ASUS Chromebook CX1, 14"" FHD, Intel® Celeron N4500 Processor, 64GB Storage, 4GB RAM, ChromeOS, Transparent Silver, CX1400CKA-AS44F"
"106",106,106,106,106,106,106,106,"16. Dell Inspiron Touchscreen Laptop, 15.6"" Business & Student Laptop Computer, Windows 11 Pro Laptop 32GB RAM 1TB SSD, Intel i5-1155G7 Processor, Full HD IPS Display, Numeric Keypad, HDMI, Carbon Black","$206.99","Laptop",4.1,"88","Dell Inspiron Touchscreen Laptop, 15.6"" Business & Student Laptop Computer, Windows 11 Pro Laptop 32GB RAM 1TB SSD, Intel i5-1155G7 Processor, Full HD IPS Display, Numeric Keypad, HDMI, Carbon Black"
"107",107,107,107,107,107,107,107,"17. Lenovo 15.6"" IdeaPad Essential Laptop Computer, Windows 11 Pro with Microsoft Office Lifetime Suite, Intel Dual Core Processor, PLUSERA Earphones (Intel Dual-Core, 20GB RAM | 1TB SSD + 128GB eMMC)","$269.00","Laptop",4.1,"3","Lenovo 15.6"" IdeaPad Essential Laptop Computer, Windows 11 Pro with Microsoft Office Lifetime Suite, Intel Dual Core Processor, PLUSERA Earphones (Intel Dual-Core, 20GB RAM | 1TB SSD + 128GB eMMC)"
"108",108,108,108,108,108,108,108,"18. HP Newest 8-Core Laptop, 17.3"" FHD Display, Fingerprint Reader, 16GB RAM, 1TB SSD, Intel i3 Processor, HDMI, Webam, Type C, Windows 11, Large Screen and Fast Processor for All","$89.99","Laptop",4.2,"67","HP Newest 8-Core Laptop, 17.3"" FHD Display, Fingerprint Reader, 16GB RAM, 1TB SSD, Intel i3 Processor, HDMI, Webam, Type C, Windows 11, Large Screen and Fast Processor for All"
"109",109,109,109,109,109,109,109,"19. HP Newest 15.6"" Essential Laptop, 32GB RAM, 1TB SSD(512GB PCIe & P500 500GB External), Intel 4-core Processor, Intel UHD Graphics, USB Type-C, Long Battery Life, Windows 11 Home","$339.00","Laptop",2.8,"818","HP Newest 15.6"" Essential Laptop, 32GB RAM, 1TB SSD(512GB PCIe & P500 500GB External), Intel 4-core Processor, Intel UHD Graphics, USB Type-C, Long Battery Life, Windows 11 Home"
"110",110,110,110,110,110,110,110,"20. HP Stream 14"" HD Lightweight Laptop, Intel Celeron N4120, 16GB RAM, 224GB Storage(64GB eMMC + 160GB Docking Station), Intel UHD Graphics, HD Webcam, 1 Year Office 365, WiFi, Bluetooth, Win 11s, White","$399.00","Laptop",4.3,"1,236","HP Stream 14"" HD Lightweight Laptop, Intel Celeron N4120, 16GB RAM, 224GB Storage(64GB eMMC + 160GB Docking Station), Intel UHD Graphics, HD Webcam, 1 Year Office 365, WiFi, Bluetooth, Win 11s, White"
"111",111,111,111,111,111,111,111,"21. LENOVO IdeaPad 1 Laptop, 15.6” FHD Display, Intel Celeron N4500 Processor, 20GB RAM, 1TB SSD, SD Card Reader, Numeric Keypad, HDMI, Wi-Fi 6, Windows 11 Home, 1 Year Office 365, Grey","$179.97","Laptop",4.2,"458","LENOVO IdeaPad 1 Laptop, 15.6” FHD Display, Intel Celeron N4500 Processor, 20GB RAM, 1TB SSD, SD Card Reader, Numeric Keypad, HDMI, Wi-Fi 6, Windows 11 Home, 1 Year Office 365, Grey"
"112",112,112,112,112,112,112,112,"22. Amazon Fire HD 10 tablet, 10.1"", 1080p Full HD, 32 GB, (2021 release), Black","$209.99","Laptop",4.2,"123,307","Amazon Fire HD 10 tablet, 10.1"", 1080p Full HD, 32 GB, (2021 release), Black"
"113",113,113,113,113,113,113,113,"23. HP 15.6"" FHD Business Laptop, 32GB RAM,1TB PCIe SSD, 12th Intel 10-Core i5-1235U(Beat i5-1125G4), Type-C, HDMI, Webcam, Windows 11+w/TP Accessories","$619.99","Laptop",4.1,"21","HP 15.6"" FHD Business Laptop, 32GB RAM,1TB PCIe SSD, 12th Intel 10-Core i5-1235U(Beat i5-1125G4), Type-C, HDMI, Webcam, Windows 11+w/TP Accessories"
"114",114,114,114,114,114,114,114,"24. HP Newest 255 G10 Laptop for Home or Work, 16GB RAM, 1TB SSD, 15.6"" Full HD, Ryzen 3 7330U (Beat Intel i5-1135G7), Ethernet Port, HDMI, USB-C, Windows 11 Pro, Business and Fun Ready (2024)","$499.99","Laptop",4.1,"137","HP Newest 255 G10 Laptop for Home or Work, 16GB RAM, 1TB SSD, 15.6"" Full HD, Ryzen 3 7330U (Beat Intel i5-1135G7), Ethernet Port, HDMI, USB-C, Windows 11 Pro, Business and Fun Ready (2024)"
"115",115,115,115,115,115,115,115,"25. HP 14 Laptop, Intel Celeron N4020, 4 GB RAM, 64 GB Storage, 14-inch Micro-edge HD Display, Windows 11 Home, Thin & Portable, 4K Graphics, One Year of Microsoft 365 (14-dq0040nr, Snowflake White)","$599.99","Laptop",4.3,"1,935","HP 14 Laptop, Intel Celeron N4020, 4 GB RAM, 64 GB Storage, 14-inch Micro-edge HD Display, Windows 11 Home, Thin & Portable, 4K Graphics, One Year of Microsoft 365 (14-dq0040nr, Snowflake White)"
"116",116,116,116,116,116,116,116,"26. ASUS ROG Strix G16 (2024) Gaming Laptop, 16” 16:10 FHD 165Hz Display, NVIDIA® GeForce RTX™ 4060, Intel Core i7-13650HX, 16GB DDR5, 1TB PCIe Gen4 SSD, Wi-Fi 6E, Windows 11, G614JV-AS74","$176.69","Laptop",4.2,"1,461","ASUS ROG Strix G16 (2024) Gaming Laptop, 16” 16:10 FHD 165Hz Display, NVIDIA® GeForce RTX™ 4060, Intel Core i7-13650HX, 16GB DDR5, 1TB PCIe Gen4 SSD, Wi-Fi 6E, Windows 11, G614JV-AS74"
"117",117,117,117,117,117,117,117,"27. NIMO 15.6'' FHD IPS Student Laptop, 16GB RAM 1TB SSD, Intel Pentium Quad-Core N100(Beat to i3 1115G4, Up to 3.4GHz), 2 Years Warranty, Fingerprint, Backlit Keyboard, Wi-Fi 6，Win 11, Blue","$209.99","Laptop",4,"16","NIMO 15.6'' FHD IPS Student Laptop, 16GB RAM 1TB SSD, Intel Pentium Quad-Core N100(Beat to i3 1115G4, Up to 3.4GHz), 2 Years Warranty, Fingerprint, Backlit Keyboard, Wi-Fi 6，Win 11, Blue"
"118",118,118,118,118,118,118,118,"28. jumper Laptop, 16 Inch FHD IPS 1200p Screen, 5305U Processor, Office 365 1-Year Subscription, 4GB RAM 128GB Storage, Windows 11 Computer with Stereo Speakers, HDMI, 1TB SSD Slot Expansion.","$1,253.01","Laptop",4.3,"63","jumper Laptop, 16 Inch FHD IPS 1200p Screen, 5305U Processor, Office 365 1-Year Subscription, 4GB RAM 128GB Storage, Windows 11 Computer with Stereo Speakers, HDMI, 1TB SSD Slot Expansion."
"119",119,119,119,119,119,119,119,"29. HP 14 inch Laptop, HD Display, 12th Generation Intel Core i3-1215U, 8 GB RAM, 256 GB SSD, Intel UHD Graphics, Windows 11 Home in S Mode, 14-dq5009nr (2024)","$1,399.99","Laptop",4.4,"303","HP 14 inch Laptop, HD Display, 12th Generation Intel Core i3-1215U, 8 GB RAM, 256 GB SSD, Intel UHD Graphics, Windows 11 Home in S Mode, 14-dq5009nr (2024)"
"120",120,120,120,120,120,120,120,"30. HP 17 Laptop, 17.3"" HD+ Touchscreen Display, 12th Gen Intel Core i7-1255U, 64GB RAM, 2TB SSD, Webcam, HDMI, SuperSpeed USB Ports, Wi-Fi 6, Windows 11 Home, Silver","$399.99","Laptop",4.7,"408","HP 17 Laptop, 17.3"" HD+ Touchscreen Display, 12th Gen Intel Core i7-1255U, 64GB RAM, 2TB SSD, Webcam, HDMI, SuperSpeed USB Ports, Wi-Fi 6, Windows 11 Home, Silver"
"121",121,121,121,121,121,121,121,"1. Check each product page for other buying options. Price and other details may vary based on product size and color.","$89.99","GamingChair",4.3,"15,066","Check each product page for other buying options. Price and other details may vary based on product size and color."
"122",122,122,122,122,122,122,122,"2. GTPLAYER Gaming Chair, Computer Chair with Footrest and Lumbar Support, Height Adjustable Game Chair with 360°-Swivel Seat and Headrest and for Office or Gaming (White)","$99.99","GamingChair",4.3,"75,964","GTPLAYER Gaming Chair, Computer Chair with Footrest and Lumbar Support, Height Adjustable Game Chair with 360°-Swivel Seat and Headrest and for Office or Gaming (White)"
"123",123,123,123,123,123,123,123,"3. Homall Gaming Chair, Office Chair High Back Computer Chair Leather Desk Chair Racing Executive Ergonomic Adjustable Swivel Task Chair with Headrest and Lumbar Support (White)","$123.34","GamingChair",4.3,"214","Homall Gaming Chair, Office Chair High Back Computer Chair Leather Desk Chair Racing Executive Ergonomic Adjustable Swivel Task Chair with Headrest and Lumbar Support (White)"
"124",124,124,124,124,124,124,124,"4. GTRACING Gaming Chair with Footrest, Ergonomic Computer Game Desk Chair, Reclining Gamer Chair Seat Height Adjustment, Swivel Rocker with Headrest and Lumbar (Navy Blue)","$119.99","GamingChair",4.4,"794","GTRACING Gaming Chair with Footrest, Ergonomic Computer Game Desk Chair, Reclining Gamer Chair Seat Height Adjustment, Swivel Rocker with Headrest and Lumbar (Navy Blue)"
"125",125,125,125,125,125,125,125,"5. N-GEN Video Gaming Chair with Footrest High Back Ergonomic Comfortable Office Computer Desk with Lumbar Support Height Adjustable with PU Leather Recliner for Adults Women Men (Black)","$109.98","GamingChair",4.3,"1,537","N-GEN Video Gaming Chair with Footrest High Back Ergonomic Comfortable Office Computer Desk with Lumbar Support Height Adjustable with PU Leather Recliner for Adults Women Men (Black)"
"126",126,126,126,126,126,126,126,"6. Homall Gaming Chair, Video Game Chair with Footrest and Massage Lumbar Support, Ergonomic Computer Chair Height Adjustable with Swivel Seat and Headrest (White)","$179.98","GamingChair",4.4,"561","Homall Gaming Chair, Video Game Chair with Footrest and Massage Lumbar Support, Ergonomic Computer Chair Height Adjustable with Swivel Seat and Headrest (White)"
"127",127,127,127,127,127,127,127,"7. Goplus Gaming Chair, Massage Office Chair Computer Gaming Racing Chair, High Back PU Leather Adjustable Arms Headrest Ergonomic Reclining Game Chair, Rolling Swivel Executive Chair","$99.99","GamingChair",4.3,"581","Goplus Gaming Chair, Massage Office Chair Computer Gaming Racing Chair, High Back PU Leather Adjustable Arms Headrest Ergonomic Reclining Game Chair, Rolling Swivel Executive Chair"
"128",128,128,128,128,128,128,128,"8. DUMOS Ergonomic Computer Gaming Chair - Home Office Desk with PU Leather Lumbar Support, Height Adjustable Big and Tall Video Game with Flip-up Armrest, Swivel Wheels for Adults and Teens","$129.99","GamingChair",4.2,"702","DUMOS Ergonomic Computer Gaming Chair - Home Office Desk with PU Leather Lumbar Support, Height Adjustable Big and Tall Video Game with Flip-up Armrest, Swivel Wheels for Adults and Teens"
"129",129,129,129,129,129,129,129,"9. Shahoo Gaming Chair with Footrest and Massage Lumbar Support, Video Racing Seat Height Adjustable with 360°Swivel and Headrest for Office or Bedroom, Black","$135.99","GamingChair",4.4,"3,105","Shahoo Gaming Chair with Footrest and Massage Lumbar Support, Video Racing Seat Height Adjustable with 360°Swivel and Headrest for Office or Bedroom, Black"
"130",130,130,130,130,130,130,130,"10. N-GEN Video Gaming Computer Chair Ergonomic Office Chair Desk Chair with Lumbar Support Flip Up Arms Adjustable Height Swivel PU Leather Executive with Wheels for Adults Women Men (Black)","$71.99","GamingChair",4.4,"9,488","N-GEN Video Gaming Computer Chair Ergonomic Office Chair Desk Chair with Lumbar Support Flip Up Arms Adjustable Height Swivel PU Leather Executive with Wheels for Adults Women Men (Black)"
"131",131,131,131,131,131,131,131,"11. Devoko Ergonomic Gaming Chair Racing Style Adjustable Height High-Back PC Computer Chair with Headrest and Lumbar Support Executive Office Chair (Black/Red)","$79.99","GamingChair",4.1,"10,303","Devoko Ergonomic Gaming Chair Racing Style Adjustable Height High-Back PC Computer Chair with Headrest and Lumbar Support Executive Office Chair (Black/Red)"
"132",132,132,132,132,132,132,132,"12. Best Choice Products Swivel Gaming Chair 360 Degree Multipurpose Floor Chair Rocker for TV, Reading, Playing Video Games w/Lumbar Support, Armrest Handles, Adjustable Foldable Backrest - Black/Blue","$95.99","GamingChair",4.4,"9,543","Best Choice Products Swivel Gaming Chair 360 Degree Multipurpose Floor Chair Rocker for TV, Reading, Playing Video Games w/Lumbar Support, Armrest Handles, Adjustable Foldable Backrest - Black/Blue"
"133",133,133,133,133,133,133,133,"13. LEMBERI Video Game Chairs with footrest, Big and Tall Gamer Chair for Adults, 400lb Capacity, Racing Style Computer Chair with Headrest and Lumbar Support","$113.99","GamingChair",4.5,"1,705","LEMBERI Video Game Chairs with footrest, Big and Tall Gamer Chair for Adults, 400lb Capacity, Racing Style Computer Chair with Headrest and Lumbar Support"
"134",134,134,134,134,134,134,134,"14. ECOTOUGE PC Massage Gaming Chair with Footrest Ergonomic Office Desk Chair Racing PU Leather Recliner Swivel Rocker with Headrest and Lumbar Pillow,Red","$89.98","GamingChair",4.4,"302","ECOTOUGE PC Massage Gaming Chair with Footrest Ergonomic Office Desk Chair Racing PU Leather Recliner Swivel Rocker with Headrest and Lumbar Pillow,Red"
"135",135,135,135,135,135,135,135,"15. Ergonomic Gaming Chair with Footrest Big and Tall Game Chair Reclining Gamer Chair with Adjustable Lumbar Support & 3D Armrests High Back Gaming Chairs for Adults","$145.98","GamingChair",4.4,"23","Ergonomic Gaming Chair with Footrest Big and Tall Game Chair Reclining Gamer Chair with Adjustable Lumbar Support & 3D Armrests High Back Gaming Chairs for Adults"
"136",136,136,136,136,136,136,136,"16. N-GEN GAMING Video Gaming Chair with Footrest High Back Ergonomic Comfortable Office Computer Desk with Lumbar Support Height Adjustable with PU Leather Recliner for Adults Women Men (Black)","$109.99","GamingChair",4.3,"2","N-GEN GAMING Video Gaming Chair with Footrest High Back Ergonomic Comfortable Office Computer Desk with Lumbar Support Height Adjustable with PU Leather Recliner for Adults Women Men (Black)"
"137",137,137,137,137,137,137,137,"17. Swivel Gaming Floor Chair - Enjoy 6 Different Positions, Adjustable Lumbar Support, Removable Polyester Cover & Arm Rests, Folds to Store, Stylish Blue with Black Center Stripe","$139.99","GamingChair",4.4,"1,281","Swivel Gaming Floor Chair - Enjoy 6 Different Positions, Adjustable Lumbar Support, Removable Polyester Cover & Arm Rests, Folds to Store, Stylish Blue with Black Center Stripe"
"138",138,138,138,138,138,138,138,"18. Big and Tall Gaming Chair 350lbs-Racing Style Computer Gamer Chair,Ergonomic Desk Office PC Chair with Wide Seat, Reclining Back, Adjustable Armrest for Adult Teens-Black/Grey","$89.99","GamingChair",4.5,"37,795","Big and Tall Gaming Chair 350lbs-Racing Style Computer Gamer Chair,Ergonomic Desk Office PC Chair with Wide Seat, Reclining Back, Adjustable Armrest for Adult Teens-Black/Grey"
"139",139,139,139,139,139,139,139,"19. BestOffice PC Gaming Chair Ergonomic Office Chair Desk Chair with Lumbar Support Flip Up Arms Headrest PU Leather Executive High Back Computer Chair for Adults Women Men (White)","$129.99","GamingChair",5,"358","BestOffice PC Gaming Chair Ergonomic Office Chair Desk Chair with Lumbar Support Flip Up Arms Headrest PU Leather Executive High Back Computer Chair for Adults Women Men (White)"
"140",140,140,140,140,140,140,140,"20. OLIXIS Computer Gaming Desk Chair Big and Tall Ergonomic Comfy Lumbar Support with Flip-up Armrest and 360° Swivel Wheels, PU Leather Height Adjustable, for Home and Office, Adults, Black-red","$94.99","GamingChair",4.4,"76","OLIXIS Computer Gaming Desk Chair Big and Tall Ergonomic Comfy Lumbar Support with Flip-up Armrest and 360° Swivel Wheels, PU Leather Height Adjustable, for Home and Office, Adults, Black-red"
"141",141,141,141,141,141,141,141,"21. Shahoo Gaming Chair with Footrest and Massage Lumbar Support, Ergonomic Computer Seat Height Adjustable with 360°Swivel and Headrest, Black","$99.66","GamingChair",4.2,"804","Shahoo Gaming Chair with Footrest and Massage Lumbar Support, Ergonomic Computer Seat Height Adjustable with 360°Swivel and Headrest, Black"
"142",142,142,142,142,142,142,142,"22. Dowinx Gaming Chair with Pocket Spring Cushion and Footrest, Ergonomic Computer Chair with Massage Lumbar Supportfor Adults, High Back Leather Game Chair for Office Gaming 300LBS, Black Green","$79.99","GamingChair",4.5,"19,431","Dowinx Gaming Chair with Pocket Spring Cushion and Footrest, Ergonomic Computer Chair with Massage Lumbar Supportfor Adults, High Back Leather Game Chair for Office Gaming 300LBS, Black Green"
"143",143,143,143,143,143,143,143,"23. BestOffice Ergonomic Office, PC Gaming Chair Cheap Desk Chair Executive PU Leather Computer Chair Lumbar Support with Footrest Modern Task Rolling Swivel Chair for Women, Men(White)","$299.99","GamingChair",4.1,"2,689","BestOffice Ergonomic Office, PC Gaming Chair Cheap Desk Chair Executive PU Leather Computer Chair Lumbar Support with Footrest Modern Task Rolling Swivel Chair for Women, Men(White)"
"144",144,144,144,144,144,144,144,"24. GTPLAYER Gaming Chair with Footrest, Big and Tall Game Chair 350lb Racing Style Computer Chair, Ergonomic Executive Office Chair High Back with Lumbar Support and Recliner, Gray","$119.98","GamingChair",4.3,"22,167","GTPLAYER Gaming Chair with Footrest, Big and Tall Game Chair 350lb Racing Style Computer Chair, Ergonomic Executive Office Chair High Back with Lumbar Support and Recliner, Gray"
"145",145,145,145,145,145,145,145,"25. BestOffice High-Back Gaming Chair PC Office Chair Computer Racing Chair PU Desk Task Chair Ergonomic Executive Swivel Rolling Chair with Lumbar Support for Back Pain Women, Men,White","$179.98","GamingChair",4.3,"34","BestOffice High-Back Gaming Chair PC Office Chair Computer Racing Chair PU Desk Task Chair Ergonomic Executive Swivel Rolling Chair with Lumbar Support for Back Pain Women, Men,White"
"146",146,146,146,146,146,146,146,"26. Gaming Chair, Gaming Chairs for Adults with Footrest, Lumbar Support, Fabric Computer Office Chair, High Back PC Chair Ergonomic Gamer Chair with Wide Cushion, Recliner, 300LBS, Teens, Black","$62.49","GamingChair",4.2,"1,158","Gaming Chair, Gaming Chairs for Adults with Footrest, Lumbar Support, Fabric Computer Office Chair, High Back PC Chair Ergonomic Gamer Chair with Wide Cushion, Recliner, 300LBS, Teens, Black"
"147",147,147,147,147,147,147,147,"27. Dowinx Gaming Chair Breathable Fabric Computer Chair with Pocket Spring Cushion, Comfortable Office Chair with Gel Pad and Storage Bag,Massage Game Chair with Footrest,Green","$128.52","GamingChair",4.4,"3,746","Dowinx Gaming Chair Breathable Fabric Computer Chair with Pocket Spring Cushion, Comfortable Office Chair with Gel Pad and Storage Bag,Massage Game Chair with Footrest,Green"
"148",148,148,148,148,148,148,148,"28. RESPAWN 900 Gaming Recliner - Video Games Console Recliner Chair, Computer Recliner, Adjustable Leg Rest and Recline, Recliner with Cupholder, Reclining Gaming Chair with Footrest - Gray","$154.99","GamingChair",4.9,"12,758","RESPAWN 900 Gaming Recliner - Video Games Console Recliner Chair, Computer Recliner, Adjustable Leg Rest and Recline, Recliner with Cupholder, Reclining Gaming Chair with Footrest - Gray"
"149",149,149,149,149,149,149,149,"29. GTRACING Gaming Chair with Footrest Speakers Video Game Chair Bluetooth Music Heavy Duty Ergonomic Computer Office Desk Chair Red","$79.99","GamingChair",4.4,"10,307","GTRACING Gaming Chair with Footrest Speakers Video Game Chair Bluetooth Music Heavy Duty Ergonomic Computer Office Desk Chair Red"
"150",150,150,150,150,150,150,150,"30. GTRACING Gaming Chair with Speakers Bluetooth Music Video Game Chair Audio Ergonomic Design Heavy Duty Office Computer Desk Chair（Blue）","$71.99","GamingChair",4.4,"1,604","GTRACING Gaming Chair with Speakers Bluetooth Music Video Game Chair Audio Ergonomic Design Heavy Duty Office Computer Desk Chair（Blue）"
